s,trip_seconds,trip_miles,fare,tips,tolls,trip_total,payment_type
0,180.0,0.4,4.5,0.0,0.0,4.5,0
1,240.0,0.7,4.45,4.45,0.0,8.9,1
2,0.0,0.0,42.75,5.0,0.0,47.75,1
3,480.0,1.1,7.0,0.0,0.0,7.0,0
4,480.0,2.71,10.25,0.0,0.0,10.25,0
5,1080.0,6.2,17.75,0.0,0.0,17.75,0
6,1500.0,18.4,45.0,12.0,0.0,57.0,1
7,60.0,0.2,3.75,0.0,0.0,3.75,0
8,180.0,0.0,5.0,2.0,0.0,8.5,1
9,0.0,0.0,3.25,0.0,0.0,4.75,0
10,480.0,1.3,7.0,1.0,0.0,8.0,1
11,420.0,0.0,7.25,0.0,0.0,7.25,0
12,1380.0,5.1,17.25,5.18,0.0,22.43,1
13,420.0,0.0,6.25,0.0,0.0,6.25,0
14,480.0,0.1,9.0,0.0,0.0,9.0,0
15,720.0,0.0,10.75,0.0,0.0,10.75,0
16,720.0,2.2,10.0,0.0,0.0,10.0,0
17,300.0,0.8,5.5,0.0,0.0,5.5,0
18,420.0,0.0,6.75,0.0,0.0,6.75,0
19,660.0,4.1,11.85,3.0,0.0,15.85,1
20,720.0,2.5,10.25,1.75,0.0,12.0,1
21,720.0,0.2,12.25,2.0,0.0,15.25,1
22,0.0,0.0,3.25,0.0,0.0,3.25,0
23,360.0,0.0,6.5,0.0,0.0,6.5,0
24,0.0,0.0,10.75,2.69,0.0,13.44,1
25,1740.0,11.5,31.25,0.0,0.0,35.25,0
26,360.0,0.0,6.0,0.0,0.0,6.0,0
27,0.0,0.0,22.0,1.5,0.0,23.5,1
28,2040.0,17.4,44.75,8.95,0.0,53.7,1
29,180.0,0.7,5.0,2.0,0.0,7.0,1
30,240.0,0.6,4.85,0.0,0.0,6.35,0
31,600.0,0.9,7.0,1.11,0.0,8.11,1
32,840.0,0.4,20.0,2.0,0.0,22.0,1
33,1020.0,7.8,18.85,0.0,0.0,18.85,0
34,0.0,0.0,0.0,0.0,0.0,0.0,0
35,420.0,2.8,9.5,0.0,0.0,9.5,0
36,360.0,0.0,7.0,2.0,0.0,10.0,1
37,360.0,1.3,6.5,2.0,0.0,8.5,1
38,540.0,0.78,7.0,0.0,0.0,8.0,0
39,0.0,0.0,3.25,0.65,0.0,3.9,2
40,480.0,1.6,7.75,0.0,0.0,7.75,0
41,180.0,0.6,4.75,0.0,0.0,4.75,0
42,0.0,0.0,3.25,0.0,0.0,3.25,0
43,360.0,0.9,6.25,2.0,0.0,8.25,1
44,120.0,0.2,4.0,0.0,0.0,5.0,0
45,480.0,0.0,8.5,2.0,0.0,10.5,1
46,720.0,1.3,9.0,1.0,0.0,10.0,1
47,420.0,1.4,7.0,0.0,0.0,7.0,0
48,2880.0,17.3,43.5,9.5,0.0,57.0,1
49,420.0,0.0,7.0,0.0,0.0,9.0,0
50,960.0,3.5,12.5,0.0,0.0,13.5,0
51,360.0,0.9,6.25,0.0,0.0,6.25,0
52,360.0,1.2,6.5,2.0,0.0,9.5,1
53,360.0,0.8,5.45,1.0,0.0,6.45,1
54,900.0,5.5,15.25,0.0,0.0,15.25,0
55,480.0,1.2,7.0,1.0,0.0,8.0,1
56,540.0,3.8,10.85,0.0,0.0,12.35,0
57,2940.0,21.1,52.25,0.0,0.0,56.25,0
58,420.0,1.3,6.75,0.0,0.0,7.75,0
59,240.0,0.9,5.5,0.0,0.0,6.5,0
60,2100.0,13.6,36.25,8.05,0.0,48.3,1
61,0.0,0.0,15.75,3.94,0.0,19.69,1
62,240.0,0.87,5.5,2.0,0.0,7.5,1
63,480.0,1.4,7.25,0.0,0.0,7.25,0
64,1020.0,1.4,11.25,0.0,0.0,11.25,0
65,660.0,2.1,9.0,0.0,0.0,9.0,0
66,1320.0,5.7,18.75,3.75,0.0,22.5,1
67,780.0,4.5,14.0,0.0,0.0,15.0,0
68,0.0,0.0,3.25,5.0,0.0,17.25,1
69,300.0,0.5,5.25,0.0,0.0,9.25,0
70,0.0,0.0,8.0,0.0,0.0,8.0,1
71,720.0,1.5,8.75,0.0,0.0,8.75,0
72,360.0,0.0,6.25,0.0,0.0,7.25,0
73,1560.0,9.7,27.25,0.0,0.0,28.25,0
74,1560.0,6.9,21.25,3.0,0.0,24.25,1
75,420.0,1.7,7.5,0.0,0.0,7.5,0
76,540.0,200.0,8.75,2.0,0.0,10.75,1
77,180.0,0.0,5.25,0.0,0.0,5.25,0
78,960.0,7.6,21.0,0.0,0.0,21.0,0
79,0.0,0.0,12.25,2.45,0.0,14.7,1
80,660.0,1.0,7.5,2.0,0.0,10.5,1
81,300.0,1.0,6.0,0.0,0.0,6.0,0
82,0.0,0.0,4.25,1.06,0.0,5.31,1
83,0.0,0.0,3.25,0.0,0.0,3.25,0
84,420.0,0.0,6.25,0.0,0.0,7.25,1
85,900.0,3.8,13.0,0.0,0.0,13.0,0
86,360.0,0.8,5.75,0.0,0.0,5.75,0
87,600.0,5.5,16.5,0.0,0.0,16.5,0
88,900.0,7.0,20.25,2.0,0.0,22.25,1
89,300.0,0.0,6.5,0.0,0.0,6.5,0
90,0.0,0.0,14.25,2.85,0.0,17.1,1
91,720.0,3.7,12.5,2.5,0.0,15.0,1
92,900.0,0.3,18.0,3.6,0.0,21.6,1
93,2760.0,18.3,46.25,10.05,0.0,60.3,1
94,420.0,1.9,8.25,2.0,0.0,11.25,1
95,1500.0,18.2,45.25,0.0,0.0,46.25,0
96,0.0,0.0,6.75,1.35,0.0,8.1,1
97,420.0,2.1,8.25,0.0,0.0,8.25,0
98,420.0,1.3,7.0,0.0,0.0,7.0,0
99,1800.0,5.1,18.25,3.65,0.0,21.9,1
100,120.0,0.0,4.0,0.0,0.0,5.0,0
101,960.0,0.3,17.25,3.45,0.0,20.7,1
102,840.0,2.7,10.75,0.0,0.0,10.75,0
103,0.0,0.0,46.5,4.0,0.0,50.5,1
104,840.0,3.2,12.0,0.0,0.0,12.0,0
105,0.0,0.0,14.25,0.0,0.0,14.25,1
106,780.0,3.1,11.75,0.0,0.0,11.75,0
107,660.0,2.0,9.25,0.0,0.0,10.25,0
108,420.0,1.2,7.0,0.0,0.0,8.0,0
109,480.0,0.0,9.0,0.0,0.0,9.0,1
110,180.0,0.8,5.25,3.0,0.0,8.25,1
111,1320.0,17.6,43.0,0.0,0.0,46.0,0
112,0.0,0.0,10.65,2.13,0.0,12.78,1
113,1980.0,18.1,45.5,10.1,0.0,60.6,1
114,540.0,1.8,8.75,2.0,0.0,10.75,1
115,540.0,1.7,7.45,0.0,0.0,7.45,0
116,720.0,0.1,8.25,2.55,0.0,12.8,1
117,840.0,5.4,16.25,0.0,0.0,17.25,0
118,0.0,0.0,6.5,1.3,0.0,7.8,1
119,240.0,0.8,5.5,0.0,0.0,7.0,0
120,0.0,0.0,11.25,2.25,0.0,13.5,1
121,1020.0,0.2,13.75,2.95,0.0,17.7,1
122,0.0,0.0,6.25,1.25,0.0,7.5,1
123,480.0,2.8,10.0,0.0,0.0,10.0,0
124,840.0,0.1,11.25,0.0,0.0,12.25,0
125,0.0,0.0,10.75,2.15,0.0,12.9,1
126,420.0,1.4,6.25,1.0,0.0,7.25,1
127,420.0,1.3,6.5,0.0,0.0,6.5,0
128,540.0,0.0,7.5,0.0,0.0,7.5,0
129,180.0,1.1,5.75,2.0,0.0,8.75,1
130,60.0,0.0,3.75,0.0,0.0,5.75,0
131,480.0,0.0,6.25,2.0,0.0,8.25,1
132,0.0,0.0,3.25,0.0,0.0,3.25,0
133,360.0,1.2,6.5,2.0,0.0,8.5,1
134,240.0,0.5,4.75,0.0,0.0,4.75,0
135,300.0,1.1,6.25,1.0,0.0,8.25,1
136,420.0,1.3,7.25,0.0,0.0,8.25,0
137,1080.0,0.0,21.0,0.0,0.0,21.0,0
138,60.0,0.2,3.75,0.0,0.0,3.75,0
139,540.0,1.6,8.25,0.0,0.0,9.25,0
140,2880.0,14.7,41.0,9.0,0.0,54.0,1
141,540.0,0.1,8.5,0.0,0.0,8.5,0
142,480.0,1.6,7.5,0.0,0.0,7.5,0
143,300.0,0.8,5.5,0.0,0.0,7.0,0
144,900.0,0.0,11.5,2.85,0.0,14.35,1
145,540.0,2.1,9.0,0.0,0.0,9.0,0
146,480.0,0.0,6.5,3.0,0.0,9.5,1
147,360.0,1.4,6.45,0.0,0.0,7.45,0
148,480.0,1.1,7.0,0.0,0.0,8.0,0
149,540.0,1.5,7.75,2.0,0.0,9.75,1
150,0.0,0.0,8.25,1.0,0.0,9.25,1
151,420.0,1.2,6.75,0.0,0.0,8.75,0
152,1860.0,0.0,42.25,6.0,0.0,48.25,1
153,120.0,0.2,3.75,0.0,0.0,5.25,0
154,0.0,0.0,6.25,1.25,0.0,7.5,1
155,240.0,0.4,4.5,0.0,0.0,4.5,0
156,660.0,1.4,8.25,0.0,0.0,8.25,0
157,1860.0,17.34,42.65,9.33,0.0,55.98,1
158,180.0,0.7,5.0,0.0,0.0,5.0,0
159,420.0,1.1,6.75,1.0,0.0,7.75,1
160,360.0,0.7,5.75,0.0,0.0,5.75,0
161,600.0,1.4,8.0,2.0,0.0,10.0,1
162,720.0,0.0,7.75,0.0,0.0,7.75,0
163,1560.0,0.7,32.75,9.15,0.0,45.9,1
164,960.0,4.2,12.45,0.0,0.0,12.45,0
165,3420.0,18.0,46.25,12.56,0.0,62.81,1
166,1320.0,9.5,25.25,0.0,0.0,25.25,0
167,720.0,6.4,18.5,0.0,0.0,18.5,0
168,240.0,0.6,5.0,0.0,0.0,6.0,0
169,0.0,0.0,3.25,0.0,0.0,3.25,0
170,600.0,0.2,11.25,2.0,0.0,14.25,1
171,300.0,1.1,6.25,0.0,0.0,6.25,0
172,0.0,0.0,6.25,1.0,0.0,7.25,1
173,660.0,2.0,9.5,0.0,0.0,9.5,0
174,1380.0,0.9,39.0,0.0,0.0,44.0,1
175,360.0,1.0,6.0,2.0,0.0,8.0,1
176,360.0,0.7,5.75,2.0,0.0,9.25,1
177,420.0,1.0,6.5,0.0,0.0,6.5,0
178,720.0,5.2,16.0,3.2,0.0,19.2,1
179,1860.0,0.0,46.0,10.0,0.0,60.0,1
180,480.0,2.2,9.0,0.0,0.0,10.5,0
181,360.0,2.5,9.25,2.0,0.0,11.25,1
182,480.0,1.4,7.25,0.0,0.0,7.25,0
183,660.0,2.8,10.75,2.15,0.0,12.9,1
184,720.0,3.9,13.5,4.05,0.0,17.55,1
185,480.0,1.0,6.5,0.0,0.0,6.5,0
186,1320.0,17.83,43.75,9.15,0.0,54.9,1
187,120.0,0.5,4.5,0.0,0.0,4.5,0
188,240.0,0.9,5.75,2.0,0.0,7.75,1
189,180.0,1.5,6.75,0.0,0.0,6.75,0
190,540.0,1.4,7.25,2.0,0.0,9.25,1
191,2400.0,17.8,45.25,9.0,0.0,56.25,1
192,1140.0,16.9,41.25,5.0,0.0,50.25,1
193,480.0,0.9,6.5,0.0,0.0,6.5,0
194,240.0,0.69,5.0,2.0,0.0,7.0,1
195,480.0,1.1,7.25,3.0,0.0,10.25,1
196,180.0,0.5,4.5,0.0,0.0,5.5,0
197,300.0,0.0,5.75,2.0,0.0,9.75,1
198,1800.0,14.3,36.25,0.0,0.0,40.25,0
199,420.0,1.14,6.5,0.0,0.0,6.5,0
200,1140.0,5.4,15.65,0.0,0.0,16.65,0
201,420.0,0.1,7.75,0.0,0.0,8.75,0
202,1020.0,9.5,25.25,5.85,0.0,35.1,1
203,0.0,0.0,90.0,0.0,0.0,90.0,1
204,540.0,3.3,11.25,3.35,0.0,14.6,1
205,420.0,1.2,6.75,1.0,0.0,7.75,1
206,1140.0,0.0,12.0,0.0,0.0,13.5,0
207,300.0,1.0,6.25,1.0,0.0,7.25,1
208,2400.0,0.0,43.5,0.0,0.0,49.5,0
209,780.0,2.5,10.5,2.0,0.0,12.5,1
210,900.0,0.3,17.0,3.0,0.0,20.0,1
211,360.0,1.3,6.5,2.0,0.0,8.5,1
212,600.0,4.9,14.75,2.95,0.0,17.7,1
213,1620.0,5.1,19.0,0.0,0.0,19.0,0
214,960.0,2.0,10.25,0.0,0.0,11.75,0
215,660.0,0.0,11.25,0.0,0.0,13.25,0
216,600.0,0.0,13.75,0.0,0.0,13.75,0
217,660.0,1.1,9.25,0.0,0.0,9.25,0
218,1560.0,16.5,41.75,8.65,0.0,51.9,1
219,1140.0,1.4,11.0,0.0,0.0,11.0,0
220,660.0,0.0,9.0,2.0,0.0,11.0,1
221,180.0,0.0,4.75,0.0,0.0,4.75,0
222,360.0,0.36,5.75,2.0,0.0,7.75,1
223,960.0,3.6,13.25,2.65,0.0,15.9,1
224,2760.0,18.8,46.0,10.0,0.0,60.0,1
225,420.0,1.6,6.85,2.0,0.0,8.85,1
226,0.0,0.0,35.25,7.0,0.0,42.25,1
227,1500.0,15.7,40.0,8.0,0.0,48.0,1
228,0.0,0.0,9.5,1.9,0.0,11.4,1
229,540.0,2.3,9.25,0.0,0.0,11.75,0
230,540.0,1.5,7.75,3.0,0.0,11.75,1
231,1140.0,1.6,11.0,3.0,0.0,14.0,1
232,840.0,5.2,16.0,2.0,0.0,18.0,1
233,600.0,2.9,10.75,1.0,0.0,11.75,1
234,600.0,1.1,7.5,2.0,0.0,9.5,1
235,300.0,0.0,6.0,0.0,0.0,6.0,0
236,360.0,1.1,6.5,1.0,0.0,8.5,1
237,1020.0,7.1,20.25,0.0,0.0,20.25,0
238,600.0,1.7,8.5,0.0,0.0,9.5,0
239,480.0,1.32,7.25,2.0,0.0,9.25,1
240,1440.0,4.6,16.75,3.35,0.0,20.1,1
241,420.0,0.8,6.25,0.0,0.0,6.25,0
242,180.0,0.0,4.0,2.0,0.0,6.0,1
243,420.0,0.0,6.75,1.0,0.0,7.75,1
244,720.0,2.1,9.25,1.0,0.0,10.25,1
245,180.0,0.0,5.0,0.0,0.0,5.0,0
246,420.0,1.9,8.5,2.0,0.0,10.5,1
247,0.0,0.0,3.25,0.0,0.0,3.25,0
248,1740.0,19.9,48.25,0.0,0.0,52.25,0
249,420.0,1.2,6.75,0.0,0.0,6.75,0
250,1680.0,18.5,46.5,0.0,0.0,73.5,1
251,180.0,0.7,4.75,0.0,0.0,6.25,0
252,780.0,0.0,8.25,2.0,0.0,10.25,1
253,1800.0,18.71,47.0,5.0,0.0,56.0,1
254,960.0,8.1,22.25,6.65,0.0,28.9,1
255,240.0,0.9,5.75,1.0,0.0,6.75,1
256,360.0,1.4,6.75,2.0,0.0,8.75,1
257,480.0,1.4,7.75,2.0,0.0,9.75,1
258,480.0,1.2,7.0,0.0,0.0,7.0,0
259,0.0,0.0,15.25,3.05,0.0,18.3,1
260,600.0,5.2,15.5,0.0,0.0,15.5,0
261,300.0,1.5,6.75,2.0,0.0,8.75,1
262,120.0,0.6,4.5,2.0,0.0,7.5,1
263,420.0,0.88,6.5,4.0,0.0,10.5,1
264,0.0,0.0,8.25,1.65,0.0,9.9,1
265,120.0,0.7,4.75,0.0,0.0,4.75,0
266,180.0,0.3,4.25,3.0,0.0,7.25,1
267,540.0,1.5,7.75,0.0,0.0,9.25,0
268,0.0,0.0,36.0,6.0,0.0,42.0,1
269,0.0,0.0,10.5,2.1,0.0,12.6,1
270,540.0,0.0,8.75,0.0,0.0,8.75,0
271,300.0,0.0,5.5,0.0,0.0,5.5,0
272,1920.0,0.9,37.25,0.0,0.0,38.25,0
273,540.0,1.1,7.0,2.0,0.0,9.0,1
274,240.0,0.9,5.25,0.0,0.0,6.75,0
275,1380.0,9.2,26.0,0.0,0.0,26.0,0
276,1500.0,16.1,40.25,10.06,0.0,50.31,1
277,240.0,0.9,5.5,0.0,0.0,6.5,0
278,240.0,0.6,5.0,0.0,0.0,6.5,0
279,300.0,0.0,5.5,0.0,0.0,5.5,0
280,600.0,2.6,10.25,0.0,0.0,11.25,0
281,540.0,0.0,9.5,0.0,0.0,10.5,0
282,0.0,0.0,5.25,1.05,0.0,6.3,1
283,300.0,1.0,6.0,0.0,0.0,6.0,0
284,660.0,3.5,12.25,0.0,0.0,12.25,0
285,540.0,1.9,9.0,4.0,0.0,14.0,1
286,300.0,0.7,5.75,1.0,0.0,6.75,1
287,540.0,1.3,7.75,0.0,0.0,8.75,0
288,420.0,0.0,6.75,2.0,0.0,8.75,1
289,840.0,3.3,12.25,3.0,0.0,15.25,1
290,720.0,4.4,11.65,0.0,0.0,12.65,1
291,0.0,0.0,13.0,2.6,0.0,15.6,1
292,840.0,6.1,17.75,3.55,0.0,21.3,1
293,180.0,0.0,4.5,2.0,0.0,7.5,1
294,1860.0,0.9,38.0,8.4,0.0,50.4,1
295,120.0,40.0,4.25,0.0,0.0,4.25,0
296,0.0,0.0,3.25,0.0,0.0,3.25,0
297,1560.0,13.5,35.5,4.0,0.0,43.5,1
298,240.0,0.8,5.5,2.0,0.0,7.5,1
299,720.0,0.0,9.75,0.0,0.0,9.75,2
300,600.0,0.1,8.75,0.0,0.0,8.75,0
301,420.0,0.0,6.75,2.0,0.0,9.75,1
302,240.0,0.9,5.5,0.0,0.0,5.5,0
303,960.0,5.0,16.0,0.0,0.0,16.0,0
304,480.0,1.4,7.5,0.0,0.0,7.5,0
305,480.0,3.2,11.0,0.0,0.0,11.0,0
306,540.0,2.1,8.75,1.0,0.0,9.75,1
307,540.0,0.8,6.75,3.0,0.0,9.75,1
308,540.0,1.32,7.5,0.0,0.0,7.5,0
309,360.0,0.0,5.25,1.0,0.0,6.25,1
310,600.0,0.0,8.65,0.0,0.0,8.65,0
311,300.0,0.6,5.25,0.0,0.0,6.75,0
312,120.0,0.4,4.25,2.0,0.0,7.25,1
313,660.0,0.2,13.25,0.0,0.0,13.25,2
314,660.0,3.0,11.0,0.0,0.0,11.0,0
315,240.0,0.8,5.5,2.0,0.0,7.5,1
316,0.0,0.0,6.65,1.33,0.0,7.98,1
317,360.0,0.0,6.5,0.0,0.0,6.5,0
318,1740.0,0.8,35.75,0.0,0.0,37.25,1
319,360.0,0.7,5.75,2.0,0.0,7.75,1
320,660.0,0.0,10.25,0.0,0.0,14.25,0
321,600.0,2.0,8.05,0.0,0.0,8.05,0
322,720.0,2.1,9.5,2.3,0.0,13.8,1
323,0.0,0.0,5.25,1.05,0.0,6.3,1
324,1680.0,15.8,39.75,8.75,0.0,52.5,1
325,720.0,0.2,12.0,0.0,0.0,12.0,0
326,480.0,110.0,7.0,1.0,0.0,8.0,1
327,480.0,1.8,8.5,2.0,0.0,10.5,1
328,300.0,0.6,5.5,0.0,0.0,5.5,0
329,960.0,5.6,17.25,5.45,0.0,23.7,1
330,300.0,0.9,6.0,1.0,0.0,7.0,1
331,1200.0,0.4,20.25,0.0,0.0,20.25,0
332,1680.0,14.7,37.5,10.37,0.0,51.87,1
333,1560.0,17.2,42.75,8.55,0.0,51.3,1
334,0.0,0.0,6.0,1.0,0.0,7.0,1
335,540.0,0.8,6.75,3.0,0.0,9.75,1
336,240.0,0.5,5.0,3.0,0.0,8.0,1
337,420.0,1.3,6.65,0.0,0.0,6.65,0
338,300.0,1.2,5.85,1.0,0.0,6.85,1
339,540.0,3.3,11.75,0.0,0.0,11.75,0
340,1140.0,8.9,24.5,4.9,0.0,29.4,1
341,840.0,4.4,13.75,0.0,0.0,13.75,0
342,540.0,1.5,7.75,1.5,0.0,9.25,1
343,900.0,3.3,12.25,0.0,0.0,12.25,0
344,360.0,1.0,6.25,0.0,0.0,6.25,0
345,660.0,1.9,8.75,3.0,0.0,11.75,1
346,600.0,2.5,10.0,0.0,0.0,10.0,0
347,1080.0,9.1,25.0,6.5,0.0,32.5,1
348,300.0,1.0,6.0,1.0,0.0,7.0,1
349,0.0,0.0,10.0,0.0,0.0,10.0,1
350,720.0,2.5,10.25,2.05,0.0,12.3,1
351,60.0,0.0,3.25,0.0,0.0,102.75,1
352,60.0,0.0,3.25,8.85,0.0,53.1,1
353,0.0,0.0,6.0,1.2,0.0,7.2,1
354,2280.0,16.9,42.75,9.35,0.0,56.1,1
355,1320.0,17.6,43.25,11.3,0.0,56.55,1
356,1260.0,12.8,32.25,0.0,0.0,37.25,1
357,300.0,1.5,6.75,2.0,0.0,10.25,1
358,660.0,1.0,7.75,0.0,0.0,7.75,0
359,960.0,0.1,12.0,0.0,0.0,12.0,0
360,300.0,1.3,6.75,1.0,0.0,7.75,1
361,780.0,3.9,13.25,2.0,0.0,15.25,1
362,0.0,0.0,6.0,1.5,0.0,7.5,1
363,540.0,0.0,8.25,0.0,0.0,9.75,0
364,420.0,0.7,6.0,0.0,0.0,6.0,0
365,300.0,0.8,5.75,2.0,0.0,7.75,1
366,180.0,0.0,5.0,0.0,0.0,6.0,0
367,120.0,0.3,4.0,1.0,0.0,5.0,1
368,2100.0,18.3,43.5,5.0,0.0,48.5,1
369,360.0,0.8,6.25,3.0,0.0,9.25,1
370,0.0,0.0,9.25,2.31,0.0,11.56,1
371,1860.0,17.1,42.5,0.0,0.0,47.5,0
372,480.0,1.2,6.75,2.0,0.0,8.75,1
373,480.0,2.0,8.5,0.0,0.0,8.5,0
374,780.0,3.2,12.0,2.4,0.0,14.4,1
375,300.0,1.9,7.0,0.0,0.0,8.0,0
376,780.0,4.7,14.75,2.95,0.0,17.7,1
377,240.0,0.8,5.5,0.0,0.0,6.5,0
378,0.0,0.0,48.25,9.65,0.0,57.9,1
379,360.0,0.0,6.5,2.0,0.0,8.5,1
380,720.0,3.3,12.0,3.0,0.0,15.0,1
381,2520.0,18.0,40.65,0.0,0.0,40.65,0
382,360.0,1.2,6.5,3.0,0.0,11.0,1
383,60.0,0.0,3.25,0.0,0.0,3.25,0
384,1200.0,5.2,16.75,0.0,0.0,19.25,0
385,1740.0,6.2,21.5,0.0,0.0,21.5,0
386,600.0,1.4,8.25,2.0,0.0,10.25,1
387,1920.0,5.6,19.5,3.9,0.0,23.4,1
388,240.0,1.1,6.0,0.0,0.0,7.0,0
389,120.0,0.4,4.0,1.0,0.0,6.5,1
390,660.0,3.2,11.25,2.25,0.0,13.5,1
391,960.0,6.1,15.85,0.0,0.0,15.85,0
392,1320.0,17.9,44.25,5.0,0.0,51.25,1
393,540.0,1.7,7.65,0.0,0.0,8.65,0
394,420.0,1.6,7.5,0.0,0.0,7.5,0
395,780.0,5.3,16.25,0.0,0.0,16.25,0
396,840.0,0.0,17.0,0.01,0.0,17.01,1
397,0.0,0.0,10.25,2.05,0.0,12.3,1
398,420.0,0.0,6.75,1.0,0.0,7.75,1
399,420.0,1.4,7.0,0.0,0.0,8.5,0
400,420.0,1.8,8.0,1.0,0.0,9.0,1
401,540.0,1.8,8.25,0.0,0.0,9.25,0
402,0.0,0.0,6.5,2.0,0.0,8.5,1
403,0.0,0.0,6.75,3.0,0.0,9.75,1
404,180.0,0.0,5.25,7.0,0.0,12.25,1
405,1860.0,17.5,44.25,0.0,0.0,46.25,0
406,1320.0,2.2,12.25,3.98,0.0,17.23,1
407,60.0,0.0,4.0,0.0,0.0,5.0,1
408,360.0,1.6,7.0,0.0,0.0,8.0,0
409,780.0,2.4,9.85,0.0,0.0,9.85,0
410,1860.0,18.3,46.5,0.0,0.0,54.0,0
411,1140.0,5.6,15.65,3.3,0.0,19.95,1
412,420.0,1.0,6.5,1.0,0.0,7.5,1
413,420.0,2.1,8.5,3.0,0.0,12.5,1
414,180.0,0.3,4.25,0.0,0.0,5.25,0
415,0.0,0.0,3.25,0.0,0.0,3.25,0
416,480.0,0.0,7.0,0.0,0.0,7.0,0
417,0.0,0.0,5.5,0.0,0.0,6.5,0
418,720.0,0.0,13.25,0.0,0.0,13.25,0
419,1860.0,0.7,32.75,0.0,0.0,36.75,0
420,180.0,0.4,4.45,0.0,0.0,5.45,0
421,420.0,1.3,7.0,2.0,0.0,10.5,1
422,660.0,0.9,7.75,1.5,0.0,9.25,1
423,420.0,0.0,9.75,3.0,0.0,12.75,1
424,420.0,0.1,8.0,2.0,0.0,10.0,1
425,780.0,2.6,9.85,0.0,0.0,10.85,0
426,1680.0,0.0,44.25,9.85,0.0,59.1,1
427,540.0,1.1,7.0,0.0,0.0,8.0,0
428,840.0,0.1,11.25,0.0,0.0,11.25,0
429,300.0,0.8,5.75,0.0,0.0,5.75,0
430,420.0,0.0,6.25,0.0,0.0,6.25,0
431,600.0,1.7,8.75,1.0,0.0,9.75,1
432,660.0,1.5,8.5,2.0,0.0,11.5,1
433,360.0,0.0,31.0,0.0,0.0,31.0,0
434,540.0,0.0,7.0,2.0,0.0,9.0,1
435,300.0,0.0,6.25,1.0,0.0,8.25,1
436,480.0,1.9,8.0,0.0,0.0,8.0,0
437,2520.0,16.5,44.0,0.0,0.0,48.0,0
438,420.0,0.9,6.5,0.0,0.0,6.5,0
439,360.0,0.0,5.75,0.0,0.0,7.25,0
440,0.0,0.0,8.5,1.7,0.0,10.2,1
441,420.0,1.0,6.25,0.0,0.0,6.25,1
442,780.0,2.7,10.75,2.65,0.0,13.4,1
443,300.0,0.9,5.75,0.0,0.0,5.75,0
444,2700.0,0.0,40.5,8.5,0.0,51.0,1
445,1620.0,0.7,30.75,0.0,0.0,30.75,0
446,180.0,0.6,4.75,0.0,0.0,6.25,0
447,300.0,1.0,6.0,0.0,0.0,6.0,0
448,1140.0,12.8,32.25,0.0,0.0,34.25,0
449,240.0,0.9,5.75,0.0,0.0,6.75,0
450,720.0,1.7,9.0,0.0,0.0,9.0,0
451,660.0,0.2,13.0,0.0,0.0,13.0,0
452,240.0,0.9,5.75,1.0,0.0,6.75,1
453,1080.0,14.7,36.25,3.0,0.0,43.25,1
454,900.0,2.2,10.0,1.0,0.0,12.0,1
455,60.0,0.1,3.25,0.0,0.0,3.25,0
456,0.0,0.0,7.0,1.75,0.0,8.75,1
457,360.0,0.0,7.0,0.0,0.0,7.0,0
458,1620.0,0.0,28.65,6.0,0.0,37.65,1
459,720.0,1.77,9.0,2.0,0.0,12.0,1
460,600.0,2.9,10.25,2.35,0.0,14.1,1
461,720.0,0.0,8.75,2.0,0.0,10.75,1
462,540.0,4.5,13.75,5.0,0.0,18.75,1
463,600.0,1.6,8.25,0.0,0.0,9.25,0
464,480.0,1.7,7.5,2.0,0.0,9.5,1
465,360.0,1.0,6.5,3.0,0.0,11.0,1
466,660.0,6.6,18.5,0.0,0.0,18.5,0
467,1560.0,6.9,23.5,0.0,0.0,24.5,0
468,840.0,0.0,11.0,0.0,0.0,11.0,0
469,840.0,3.2,11.5,2.85,0.0,14.35,1
470,180.0,0.6,5.25,0.0,0.0,5.25,0
471,540.0,0.0,7.0,0.0,0.0,7.0,0
472,0.0,0.0,3.25,0.0,0.0,3.25,0
473,1080.0,1.3,10.0,0.0,0.0,10.0,0
474,480.0,1.0,6.75,0.0,0.0,8.25,0
475,360.0,0.0,6.5,0.0,0.0,7.5,0
476,360.0,1.2,6.5,3.0,0.0,9.5,1
477,1440.0,17.78,43.5,9.1,0.0,54.6,1
478,180.0,0.4,4.75,0.0,0.0,4.75,0
479,540.0,1.6,7.75,0.0,0.0,7.75,0
480,960.0,4.2,13.75,0.0,0.0,13.75,0
481,960.0,3.0,12.5,2.7,0.0,16.2,1
482,360.0,0.6,5.5,2.0,0.0,7.5,1
483,1080.0,2.1,11.0,0.0,0.0,11.0,0
484,240.0,1.3,6.25,2.0,0.0,9.25,1
485,840.0,2.4,10.5,2.4,0.0,14.4,1
486,600.0,2.1,9.0,3.0,0.0,12.0,1
487,60.0,0.0,3.25,0.0,0.0,5.25,0
488,300.0,1.1,6.0,3.0,0.0,9.0,1
489,60.0,0.2,4.0,0.0,0.0,4.0,0
490,780.0,0.6,8.25,0.0,0.0,8.25,0
491,660.0,2.8,10.0,0.0,0.0,11.0,0
492,0.0,0.0,10.75,2.15,0.0,12.9,1
493,1740.0,16.0,40.5,8.9,0.0,53.4,1
494,600.0,0.7,7.5,0.0,0.0,7.5,0
495,0.0,0.0,3.25,0.0,0.0,6.75,0
496,1260.0,0.0,16.25,1.0,0.0,17.25,1
497,0.0,0.0,47.0,9.4,0.0,56.4,1
498,120.0,0.5,4.25,2.0,0.0,6.25,1
499,0.0,0.0,10.0,2.5,0.0,12.5,1
500,0.0,0.0,3.25,0.0,0.0,3.25,0
501,1500.0,17.6,43.25,8.65,0.0,51.9,1
502,300.0,0.8,5.75,0.0,0.0,5.75,0
503,900.0,2.0,10.5,0.0,0.0,10.5,0
504,600.0,1.8,8.75,2.0,0.0,10.75,1
505,360.0,1.3,6.5,2.0,0.0,9.5,1
506,360.0,2.2,6.65,0.0,0.0,6.65,0
507,360.0,0.5,5.5,0.0,0.0,5.5,0
508,420.0,0.8,6.0,0.0,0.0,8.0,0
509,360.0,0.0,6.25,0.0,0.0,6.25,0
510,180.0,0.3,4.25,0.0,0.0,4.25,0
511,120.0,0.3,4.05,2.0,0.0,6.05,1
512,480.0,1.3,7.0,3.0,0.0,10.0,1
514,360.0,0.91,6.0,2.0,0.0,9.0,1
515,780.0,6.8,19.25,3.0,0.0,22.25,1
516,1020.0,23.3,56.0,0.0,0.0,77.0,0
517,1560.0,17.1,42.25,9.25,0.0,55.5,1
518,120.0,0.0,4.25,0.0,0.0,4.75,0
519,720.0,0.1,9.5,0.0,0.0,9.5,0
520,1440.0,17.7,43.5,10.0,0.0,87.5,1
521,180.0,0.0,4.75,0.0,0.0,4.75,0
522,480.0,2.7,9.75,0.0,0.0,9.75,0
523,660.0,1.3,8.0,2.0,0.0,10.0,1
524,240.0,0.5,5.0,2.0,0.0,7.0,1
525,240.0,0.8,5.25,2.0,0.0,8.25,1
526,360.0,0.7,5.75,2.0,0.0,7.75,1
527,0.0,0.0,3.25,0.0,0.0,4.25,0
528,360.0,0.1,9.0,0.0,0.0,9.0,0
529,900.0,5.8,14.85,1.25,0.0,16.1,1
530,0.0,0.0,8.5,2.55,0.0,11.05,1
531,0.0,0.0,15.0,3.75,0.0,18.75,1
532,2100.0,18.5,46.25,0.0,0.0,47.25,1
533,900.0,0.0,13.5,0.0,0.0,13.5,0
534,660.0,1.8,8.75,0.3,0.0,9.05,1
535,360.0,3.7,11.5,2.0,0.0,13.5,1
536,60.0,0.0,3.5,0.0,0.0,3.5,0
537,720.0,2.5,8.85,3.0,0.0,13.85,1
538,720.0,0.2,13.75,1.0,0.0,14.75,1
539,0.0,0.0,6.75,1.69,0.0,8.44,1
540,300.0,1.1,6.25,0.0,0.0,7.75,0
541,420.0,2.7,10.0,0.0,0.0,10.0,0
542,540.0,2.4,8.25,3.0,0.0,11.25,1
543,300.0,0.7,5.5,0.0,0.0,6.5,0
544,0.0,0.0,7.25,1.0,0.0,8.25,1
545,300.0,0.9,6.0,3.0,0.0,10.0,1
546,960.0,8.6,23.75,0.0,0.0,23.75,0
547,240.0,0.7,5.5,0.0,0.0,5.5,0
548,360.0,1.4,7.0,0.0,0.0,8.0,0
549,360.0,1.2,6.5,0.0,0.0,6.5,0
550,1080.0,4.0,14.5,3.1,0.0,18.6,1
551,1200.0,5.4,17.5,3.7,0.0,22.2,1
552,360.0,1.2,6.25,0.0,0.0,7.25,0
553,360.0,1.4,6.75,0.0,0.0,6.75,0
554,2220.0,18.0,46.0,14.0,0.0,60.0,1
555,660.0,0.1,8.75,0.0,0.0,8.75,0
556,420.0,0.4,5.75,0.0,0.0,5.75,0
557,780.0,2.3,8.85,1.0,0.0,9.85,1
558,600.0,1.8,8.5,2.0,0.0,12.0,1
559,1320.0,4.3,15.25,3.05,0.0,18.3,1
560,1440.0,5.0,16.75,2.0,0.0,18.75,1
561,0.0,0.0,38.75,8.0,0.0,46.75,1
562,720.0,4.3,13.5,0.0,0.0,13.5,0
563,0.0,0.0,7.75,1.55,0.0,9.3,1
564,60.0,0.1,3.5,0.0,0.0,3.5,0
565,240.0,0.9,5.25,2.0,0.0,7.25,1
566,540.0,2.9,10.5,0.0,0.0,10.5,0
567,600.0,1.2,6.85,2.0,0.0,8.85,1
568,120.0,0.5,4.25,0.0,0.0,5.25,0
569,1020.0,3.4,13.0,3.25,0.0,16.25,1
570,600.0,0.0,7.5,0.0,0.0,7.5,0
571,1560.0,2.2,14.25,0.0,0.0,14.25,0
572,0.0,0.0,5.5,0.5,0.0,6.0,1
573,300.0,0.8,5.75,0.0,0.0,5.75,0
574,660.0,2.2,9.0,2.0,0.0,11.0,1
575,660.0,2.0,8.65,0.0,0.0,9.65,0
576,1380.0,6.4,19.5,0.0,0.0,19.5,0
577,1200.0,3.3,13.0,0.0,0.0,13.0,0
578,2880.0,18.0,45.5,0.0,0.0,45.5,0
579,780.0,3.8,12.75,0.0,0.0,12.75,0
580,60.0,0.0,3.25,0.0,0.0,3.25,0
581,840.0,1.2,9.0,0.0,0.0,10.0,0
582,480.0,2.5,9.25,1.0,0.0,10.25,1
583,360.0,1.5,7.0,2.0,0.0,10.5,1
584,300.0,0.8,5.75,0.0,0.0,6.75,0
585,240.0,0.0,5.25,2.0,0.0,7.25,1
586,1080.0,8.9,24.5,0.0,0.0,24.5,0
587,420.0,0.4,5.75,0.0,0.0,5.75,0
588,840.0,5.0,15.0,3.0,0.0,18.0,1
589,480.0,1.0,6.5,0.0,0.0,6.5,0
590,600.0,2.8,10.5,2.1,0.0,12.6,1
591,180.0,0.0,4.75,0.0,0.0,4.75,0
592,420.0,0.0,6.75,0.0,0.0,6.75,0
593,1260.0,0.0,43.25,7.0,0.0,54.25,1
594,360.0,1.1,6.25,2.0,0.0,8.25,1
595,240.0,0.6,5.0,0.0,0.0,5.0,0
596,420.0,1.5,7.5,0.0,0.0,7.5,0
597,180.0,0.3,4.0,2.0,0.0,8.0,1
598,780.0,0.1,10.75,3.25,0.0,14.0,1
599,900.0,8.5,22.75,0.0,0.0,22.75,0
600,0.0,0.0,6.25,1.56,0.0,7.81,1
601,420.0,0.5,5.75,0.0,0.0,8.25,0
602,480.0,0.8,6.25,0.0,0.0,6.25,1
603,120.0,0.5,4.5,0.0,0.0,4.5,0
604,1080.0,0.2,15.0,3.0,0.0,18.0,1
605,420.0,1.1,6.25,0.0,0.0,8.28,0
606,720.0,1.3,8.5,2.0,0.0,10.5,1
607,1140.0,0.5,22.25,4.45,0.0,26.7,1
608,240.0,0.9,5.75,2.0,0.0,7.75,1
609,0.0,0.0,3.25,0.0,0.0,24.25,0
610,480.0,2.7,8.85,0.0,0.0,10.85,0
611,1380.0,0.5,21.85,0.0,0.0,21.85,0
612,300.0,0.0,5.5,2.0,0.0,7.5,1
613,300.0,0.8,6.0,0.0,0.0,6.0,0
614,480.0,0.0,6.25,0.0,0.0,6.25,0
615,0.0,0.0,49.0,7.0,0.0,56.0,1
616,660.0,0.0,11.5,0.0,0.0,12.5,0
617,0.0,0.0,12.5,2.5,0.0,15.0,1
618,240.0,1.4,6.5,2.0,0.0,9.5,1
619,2460.0,14.3,32.25,0.0,0.0,34.25,0
620,0.0,0.0,3.25,0.0,0.0,3.25,2
621,0.0,0.0,8.0,1.6,0.0,9.6,1
622,360.0,0.7,5.75,0.0,0.0,5.75,0
623,5820.0,0.0,34.5,0.0,0.0,34.5,0
624,360.0,0.0,7.25,0.0,0.0,8.75,0
625,360.0,0.0,5.75,1.0,0.0,6.75,1
626,360.0,1.8,7.75,0.0,0.0,8.75,0
627,240.0,1.0,5.75,0.0,0.0,5.75,0
628,720.0,2.3,10.25,2.35,0.0,14.1,1
629,2580.0,0.8,36.75,0.0,0.0,36.75,0
630,1380.0,17.7,43.25,9.45,0.0,56.7,1
631,300.0,0.0,5.25,0.0,0.0,6.75,0
632,1440.0,1.0,43.25,0.0,0.0,47.25,0
633,240.0,0.0,5.5,0.0,0.0,5.5,0
634,600.0,0.0,8.25,2.0,0.0,10.25,1
635,240.0,1.1,6.0,2.0,0.0,10.0,1
636,1320.0,18.4,45.5,0.0,0.0,45.5,0
637,1560.0,12.8,33.5,0.0,0.0,37.5,0
638,0.0,1.0,5.25,0.0,0.0,5.75,0
639,360.0,0.7,5.5,2.0,0.0,7.5,1
640,0.0,0.0,3.25,0.0,0.0,3.25,0
641,360.0,0.8,6.0,0.0,0.0,6.0,0
642,0.0,0.0,3.25,0.0,0.0,3.25,0
643,600.0,0.0,10.5,9.0,0.0,19.5,1
644,300.0,0.8,5.5,2.0,0.0,7.5,1
645,0.0,0.0,7.75,1.55,0.0,9.3,1
646,480.0,1.6,7.75,2.0,0.0,10.75,1
647,360.0,0.0,6.25,0.0,0.0,6.25,0
648,660.0,3.1,11.0,2.0,0.0,13.0,1
649,720.0,4.2,13.25,2.65,0.0,15.9,1
650,2340.0,8.71,28.25,0.0,0.0,28.25,0
651,2100.0,13.5,35.5,0.0,0.0,37.5,0
652,840.0,6.0,17.5,0.0,0.0,18.5,0
653,720.0,0.0,12.5,2.0,0.0,14.5,1
654,360.0,1.2,6.5,0.0,0.0,6.5,0
655,0.0,0.0,16.0,3.2,0.0,19.2,1
656,720.0,2.2,9.75,0.0,0.0,11.75,0
657,360.0,0.9,6.0,0.0,0.0,7.0,0
658,1440.0,4.1,20.25,4.05,0.0,24.3,1
659,240.0,0.9,5.75,2.0,0.0,7.75,1
660,1140.0,7.6,21.75,0.0,0.0,21.75,2
661,1380.0,17.9,44.25,6.0,0.0,54.25,1
662,600.0,4.2,13.25,0.0,0.0,13.25,0
663,600.0,2.5,9.5,0.0,0.0,9.5,0
664,300.0,0.4,4.65,0.0,0.0,6.15,0
665,180.0,0.7,5.0,0.0,0.0,7.0,0
666,780.0,3.2,11.75,0.0,0.0,11.75,0
667,900.0,4.8,15.5,3.1,0.0,18.6,1
668,840.0,0.0,8.75,0.0,0.0,9.75,0
669,300.0,1.4,6.75,0.0,0.0,6.75,0
670,0.0,0.0,6.25,1.25,0.0,7.5,1
671,600.0,3.3,11.25,0.0,0.0,11.25,0
672,300.0,1.0,6.0,1.0,0.0,7.0,1
673,840.0,2.11,10.25,0.0,0.0,10.25,0
674,0.0,0.0,50.0,0.0,0.0,50.0,1
675,0.0,0.0,10.25,3.08,0.0,13.33,1
676,720.0,1.5,8.5,0.0,0.0,10.0,0
677,420.0,1.2,6.25,0.0,0.0,6.25,0
678,300.0,0.6,5.5,2.0,0.0,7.5,1
679,2340.0,0.0,16.25,0.0,0.0,16.25,0
680,540.0,1.3,7.25,2.0,0.0,9.25,1
681,480.0,0.0,8.0,1.0,0.0,9.0,1
682,60.0,0.2,3.75,1.0,0.0,5.75,1
683,840.0,1.4,9.0,2.0,0.0,12.5,1
684,240.0,1.1,5.75,0.0,0.0,5.75,0
685,720.0,6.8,18.75,0.0,0.0,18.75,1
686,300.0,1.3,6.5,0.0,0.0,6.5,0
687,900.0,2.2,10.5,0.0,0.0,11.5,0
688,120.0,0.0,4.25,0.0,0.0,4.25,0
689,480.0,1.5,7.5,0.0,0.0,8.5,0
690,600.0,1.3,7.25,0.0,0.0,8.25,0
691,780.0,6.04,17.5,5.75,0.0,28.75,1
692,600.0,1.3,8.0,2.0,0.0,10.0,1
693,480.0,0.0,11.0,2.2,0.0,13.2,1
694,480.0,140.0,7.5,0.0,0.0,8.5,0
695,0.0,0.0,3.25,0.0,0.0,3.25,0
696,0.0,0.0,5.75,1.73,0.0,7.48,1
697,180.0,0.5,4.5,0.0,0.0,4.5,0
698,600.0,0.0,7.5,0.0,0.0,7.5,0
699,0.0,0.0,7.75,1.55,0.0,9.3,1
700,1140.0,0.8,33.25,6.65,0.0,39.9,1
701,60.0,0.2,3.5,0.0,0.0,3.5,0
702,480.0,0.8,6.05,3.0,0.0,9.05,1
703,480.0,2.9,10.0,2.0,0.0,12.0,1
704,1680.0,13.8,36.5,0.0,0.0,37.5,0
705,540.0,1.8,8.5,0.0,0.0,8.5,0
706,300.0,0.6,5.5,1.0,0.0,7.5,1
707,120.0,0.0,4.25,0.0,0.0,4.25,0
708,420.0,1.5,7.0,2.0,0.0,9.0,1
709,0.0,0.0,49.25,9.85,0.0,59.1,1
710,780.0,0.0,10.0,1.3,0.0,11.3,1
711,480.0,0.0,7.0,0.0,0.0,7.0,0
712,1080.0,4.2,14.5,0.0,0.0,14.5,0
713,660.0,2.0,9.25,2.0,0.0,11.25,1
714,480.0,0.0,9.65,1.5,0.0,11.15,1
715,60.0,0.2,3.75,0.0,0.0,3.75,0
716,300.0,0.0,6.75,2.0,0.0,10.25,1
717,780.0,6.24,18.0,4.5,0.0,22.5,1
718,300.0,0.8,5.75,1.0,0.0,7.75,1
719,0.0,0.0,0.0,0.0,0.0,0.0,0
720,840.0,3.6,10.45,0.0,0.0,10.45,0
721,1320.0,5.6,17.5,0.0,0.0,17.5,0
722,660.0,0.2,13.25,2.65,0.0,15.9,1
723,300.0,1.2,6.5,0.0,0.0,6.5,0
724,1020.0,4.6,15.0,4.8,0.0,20.8,1
725,0.0,0.0,46.0,13.8,0.0,59.8,1
726,480.0,0.6,6.25,0.0,0.0,6.25,0
727,480.0,1.4,7.5,2.0,0.0,9.5,1
728,360.0,1.3,7.0,0.0,0.0,7.0,0
729,1080.0,7.1,20.0,4.0,0.0,24.0,1
730,660.0,2.5,10.0,0.0,0.0,10.0,0
731,120.0,0.0,4.25,1.0,0.0,5.25,1
732,300.0,0.0,6.0,0.0,0.0,6.0,0
733,540.0,0.6,6.75,0.0,0.0,6.75,0
734,360.0,0.9,6.0,1.0,0.0,7.0,1
735,360.0,0.9,5.65,0.0,0.0,5.65,0
736,360.0,1.1,6.5,0.0,0.0,6.5,0
737,780.0,1.1,8.0,0.0,0.0,8.0,0
738,840.0,8.3,20.5,4.0,1.5,30.0,1
739,660.0,3.0,11.0,0.0,0.0,12.0,0
740,900.0,0.1,10.75,0.0,0.0,11.75,0
741,300.0,1.1,6.0,2.0,0.0,9.0,1
742,960.0,3.1,12.0,2.0,0.0,14.0,1
743,480.0,0.0,7.5,0.0,0.0,7.5,0
744,660.0,5.9,17.25,3.45,0.0,20.7,1
745,360.0,0.1,7.5,2.0,0.0,9.5,1
746,600.0,5.3,16.0,0.0,0.0,16.0,0
747,1020.0,3.2,12.0,0.0,0.0,12.0,0
748,1320.0,2.0,12.75,0.0,0.0,13.75,0
749,1020.0,1.9,10.5,2.6,0.0,13.1,1
750,360.0,1.1,6.5,0.0,0.0,6.5,0
751,300.0,0.0,5.75,0.0,0.0,7.75,0
752,360.0,0.5,5.5,2.0,0.0,7.5,1
753,0.0,0.0,5.5,1.1,0.0,6.6,1
754,420.0,1.4,7.25,0.0,0.0,7.25,0
755,1680.0,15.1,39.0,8.6,0.0,51.6,1
756,1080.0,1.6,11.0,0.0,0.0,11.0,0
757,300.0,0.7,5.75,0.0,0.0,5.75,0
758,4140.0,15.8,44.25,5.44,0.0,53.69,1
759,240.0,1.0,5.75,1.0,0.0,6.75,1
760,540.0,2.4,9.25,3.0,0.0,12.25,1
761,120.0,0.4,4.25,0.0,0.0,4.25,0
762,900.0,1.41,10.0,0.0,0.0,10.0,0
763,240.0,0.0,5.25,1.0,0.0,6.25,1
764,240.0,0.0,5.25,0.0,0.0,5.25,0
765,480.0,1.4,7.75,2.0,0.0,9.75,1
766,180.0,0.8,5.25,0.0,0.0,5.25,0
767,1140.0,0.5,23.75,4.75,0.0,28.5,1
768,180.0,0.0,4.65,0.0,0.0,4.65,0
769,360.0,0.9,6.0,1.0,0.0,7.0,1
770,120.0,0.5,4.25,0.0,0.0,6.75,0
771,720.0,0.2,11.5,0.0,0.0,11.5,0
772,1980.0,17.8,43.25,5.0,0.0,50.25,1
773,960.0,3.5,13.0,0.0,0.0,13.0,1
774,540.0,1.6,8.25,1.0,0.0,9.25,1
775,660.0,0.0,14.5,2.9,0.0,17.4,1
776,840.0,3.4,12.0,0.0,0.0,12.0,0
777,780.0,4.6,14.25,2.85,0.0,17.1,1
778,180.0,0.7,5.0,2.0,0.0,7.0,1
779,360.0,1.4,6.75,0.0,0.0,6.75,0
780,900.0,6.7,19.0,3.8,0.0,22.8,1
781,1680.0,11.1,30.75,0.0,0.0,30.75,0
782,540.0,0.0,7.0,0.0,0.0,7.0,0
783,600.0,0.1,8.25,0.0,0.0,8.25,0
784,0.0,0.0,12.0,3.0,0.0,15.0,1
785,300.0,0.0,6.0,0.0,0.0,6.0,0
786,780.0,0.1,9.25,2.0,0.0,11.25,1
787,480.0,0.1,10.5,2.6,0.0,13.1,1
788,0.0,0.0,7.0,1.4,0.0,8.4,1
789,300.0,0.5,5.25,2.0,0.0,7.25,1
790,360.0,1.0,6.25,0.0,0.0,6.25,0
791,0.0,0.0,6.5,1.3,0.0,7.8,1
792,360.0,1.3,6.75,3.0,0.0,10.75,1
793,600.0,3.9,12.75,2.75,0.0,16.5,1
794,720.0,0.0,11.5,0.0,0.0,11.5,0
795,300.0,0.5,5.5,0.0,0.0,5.5,0
796,180.0,0.6,4.75,0.0,0.0,4.75,0
797,180.0,1.0,5.75,0.0,0.0,5.75,0
798,300.0,1.5,7.0,2.0,0.0,9.0,1
799,780.0,1.0,8.0,0.0,0.0,9.0,0
800,360.0,1.4,7.0,1.0,0.0,8.0,1
801,0.0,0.0,9.0,2.25,0.0,11.25,1
802,0.0,0.0,50.0,5.0,0.0,55.0,1
803,180.0,0.3,4.5,0.0,0.0,5.5,0
804,300.0,0.0,5.75,0.0,0.0,7.25,0
805,360.0,1.0,6.25,2.0,0.0,8.25,1
806,420.0,0.1,7.75,1.25,0.0,9.0,1
807,0.0,0.0,7.25,1.0,0.0,8.25,1
808,1680.0,17.7,44.25,11.05,0.0,55.3,1
809,540.0,1.5,7.75,0.0,0.0,7.75,0
810,780.0,3.1,11.75,2.0,0.0,14.75,1
811,960.0,4.4,15.0,0.0,0.0,16.0,0
812,300.0,0.0,6.25,2.0,0.0,8.25,1
813,360.0,0.9,5.85,0.0,0.0,8.35,0
814,780.0,3.5,12.25,0.0,0.0,12.25,0
815,240.0,0.4,4.75,0.0,0.0,5.75,0
816,420.0,0.9,6.5,0.0,0.0,6.5,0
817,420.0,1.2,6.75,0.0,0.0,6.75,0
818,480.0,1.7,7.75,2.0,0.0,10.75,1
819,420.0,1.8,8.0,0.0,0.0,8.0,0
820,660.0,2.2,9.5,2.0,0.0,11.5,1
821,180.0,0.5,4.75,0.0,0.0,4.75,0
822,300.0,1.1,6.25,0.0,0.0,6.25,0
823,720.0,1.6,8.75,0.0,0.0,8.75,2
824,480.0,1.7,7.5,1.0,0.0,8.5,1
825,180.0,0.7,5.0,0.0,0.0,5.0,0
826,1680.0,0.4,22.0,0.0,0.0,22.0,0
827,1500.0,1.4,11.75,2.35,0.0,14.1,1
828,420.0,1.1,6.5,2.0,0.0,8.5,1
829,180.0,0.8,5.25,0.0,0.0,6.25,0
830,240.0,0.8,5.5,3.0,0.0,8.5,1
831,1860.0,15.3,40.5,7.0,0.0,51.5,1
832,120.0,0.5,4.25,2.0,0.0,7.25,1
833,0.0,0.0,11.75,2.35,0.0,14.1,1
834,480.0,2.1,8.25,0.0,0.0,9.25,0
835,780.0,2.6,10.75,0.0,0.0,11.75,0
836,1740.0,1.1,45.5,7.0,0.0,56.0,1
837,1140.0,4.0,14.0,0.0,0.0,15.0,0
838,1620.0,16.7,41.5,0.0,0.0,45.5,0
839,0.0,0.0,3.25,0.0,0.0,5.25,0
840,300.0,1.0,6.0,0.0,0.0,6.0,0
841,2520.0,15.5,32.25,7.25,0.0,43.5,1
842,420.0,0.0,6.25,0.0,0.0,6.25,0
843,0.0,0.0,12.5,2.5,0.0,15.0,1
844,420.0,1.6,7.05,1.0,0.0,8.05,1
845,420.0,0.0,6.75,0.0,0.0,6.75,0
846,840.0,3.2,11.75,0.0,0.0,12.75,0
847,900.0,1.9,10.0,0.0,0.0,10.0,0
848,600.0,0.0,8.25,2.0,0.0,11.25,1
849,360.0,0.5,5.75,0.0,0.0,5.75,0
850,1800.0,17.8,44.0,9.6,0.0,57.6,1
851,1080.0,0.1,10.05,2.0,0.0,12.05,1
852,300.0,1.0,6.25,0.0,0.0,6.25,0
853,840.0,3.7,13.75,0.0,0.0,15.75,0
854,420.0,1.1,6.5,2.25,0.0,8.75,1
855,1620.0,14.5,36.75,7.95,0.0,47.7,1
856,900.0,2.1,10.25,2.0,0.0,12.25,1
857,360.0,1.3,6.5,0.0,0.0,7.5,0
858,2520.0,17.3,45.75,0.0,0.0,46.75,0
859,420.0,1.8,7.5,0.0,0.0,7.5,0
860,900.0,0.2,14.0,0.0,0.0,14.0,0
861,60.0,0.3,3.75,0.0,0.0,3.75,0
862,420.0,2.1,8.5,0.0,0.0,8.5,0
863,780.0,8.43,22.75,0.0,0.0,26.75,0
864,0.0,0.0,7.0,1.4,0.0,8.4,1
865,0.0,0.0,3.25,0.0,0.0,3.25,0
866,360.0,1.43,7.0,0.0,0.0,8.5,0
867,0.0,0.0,46.5,8.0,0.0,54.5,1
868,300.0,0.0,5.5,2.0,0.0,7.5,1
869,240.0,1.0,6.0,0.0,0.0,6.0,0
870,660.0,5.6,16.25,3.25,0.0,19.5,1
871,0.0,0.0,8.5,1.7,0.0,10.2,1
872,0.0,0.0,39.0,5.0,0.0,44.0,1
873,480.0,1.4,7.0,0.0,0.0,7.0,0
874,360.0,1.3,6.75,2.0,0.0,8.75,1
875,1860.0,11.0,30.75,7.0,0.0,39.75,1
876,360.0,0.0,5.5,0.0,0.0,5.5,0
877,240.0,0.6,5.25,2.0,0.0,8.75,1
878,1080.0,8.7,24.0,0.0,0.0,24.0,0
879,1140.0,5.7,17.75,0.0,0.0,17.75,0
880,360.0,0.8,5.75,0.0,0.0,6.75,0
881,1080.0,0.4,21.75,0.0,0.0,21.75,0
882,120.0,0.0,5.25,1.0,0.0,6.25,1
883,120.0,0.8,5.25,2.0,0.0,8.25,1
884,480.0,1.6,8.0,0.0,0.0,8.0,0
885,1200.0,13.9,35.0,0.0,0.0,42.0,0
886,1620.0,15.8,39.5,0.0,0.0,42.5,0
887,420.0,0.8,6.25,1.0,0.0,7.25,1
888,0.0,0.0,6.0,2.0,0.0,8.0,1
889,360.0,8.4,6.25,0.0,0.0,7.25,0
890,960.0,2.8,11.5,0.0,0.0,11.5,0
891,0.0,0.0,10.25,0.0,0.0,10.25,1
892,1140.0,10.0,27.0,0.0,0.0,27.0,0
893,2220.0,9.6,27.5,0.0,0.0,27.5,0
894,2880.0,27.1,66.5,5.0,0.0,77.5,1
895,1020.0,4.3,15.5,3.87,0.0,19.37,1
896,1620.0,15.1,38.0,5.0,0.0,48.0,1
897,240.0,0.8,5.5,1.0,0.0,7.5,1
898,300.0,0.0,5.75,0.0,0.0,5.75,0
899,360.0,0.0,6.0,0.0,0.0,7.0,0
900,360.0,1.1,6.25,0.0,0.0,6.25,0
901,480.0,1.2,7.0,2.0,0.0,9.0,1
902,0.0,0.0,3.25,0.0,0.0,3.25,0
903,2220.0,16.5,41.5,0.0,0.0,45.5,0
904,1380.0,15.6,38.0,0.0,1.5,62.5,1
905,840.0,1.4,9.25,0.0,0.0,11.25,1
906,240.0,0.0,4.75,0.0,0.0,4.75,0
907,300.0,0.9,5.75,2.0,0.0,7.75,1
908,540.0,5.4,15.5,0.0,0.0,15.5,0
909,240.0,0.0,5.25,1.0,0.0,6.25,1
910,120.0,0.5,4.25,0.0,0.0,4.25,0
911,0.0,0.0,13.0,0.0,0.0,13.0,1
912,180.0,0.0,5.0,1.0,0.0,6.0,1
913,480.0,1.8,7.25,0.0,0.0,7.25,0
914,3300.0,20.1,50.5,0.0,0.0,52.5,0
915,540.0,1.7,8.25,0.0,0.0,8.25,0
916,360.0,0.0,6.0,1.5,0.0,7.5,1
917,0.0,0.0,3.25,0.0,0.0,3.25,0
918,0.0,0.0,7.25,0.0,0.0,7.25,1
919,300.0,2.4,8.75,0.0,0.0,8.75,0
920,600.0,2.3,9.75,1.5,0.0,12.75,1
921,0.0,0.0,49.75,10.0,0.0,59.75,1
922,0.0,0.0,8.0,0.0,0.0,8.0,0
923,1500.0,7.7,22.0,5.4,0.0,32.4,1
924,1080.0,8.1,22.75,5.65,0.0,28.4,1
925,480.0,1.7,7.75,0.0,0.0,9.75,0
926,300.0,1.1,5.85,0.0,0.0,5.85,0
927,600.0,2.3,8.25,2.0,0.0,10.25,1
928,1500.0,11.1,29.0,5.8,0.0,34.8,1
929,840.0,3.3,12.5,1.5,0.0,14.0,1
930,600.0,2.6,9.25,2.0,0.0,12.75,1
931,1020.0,3.1,12.25,0.0,0.0,12.25,0
932,540.0,1.0,6.75,2.0,0.0,8.75,1
933,780.0,0.0,10.0,2.0,0.0,12.0,1
934,840.0,4.9,15.25,0.0,0.0,15.25,0
935,360.0,1.2,6.5,0.0,0.0,6.5,0
936,720.0,2.2,9.5,1.0,0.0,10.5,1
937,300.0,0.6,5.25,0.0,0.0,6.25,0
938,780.0,3.1,11.25,3.05,0.0,15.3,1
939,780.0,1.8,9.0,2.0,0.0,11.0,1
940,960.0,3.2,12.0,2.0,0.0,14.0,1
941,540.0,2.4,9.25,0.0,0.0,10.25,0
942,420.0,1.4,7.5,0.0,0.0,9.5,0
943,900.0,0.0,23.0,0.0,0.0,23.0,0
944,300.0,1.0,6.0,0.0,0.0,6.0,0
945,420.0,1.6,6.45,0.0,0.0,6.45,0
946,1020.0,8.8,19.65,4.1,0.0,24.75,1
947,0.0,0.0,3.25,0.0,0.0,3.25,0
948,240.0,0.6,5.0,0.0,0.0,5.0,0
949,420.0,1.5,7.25,0.0,0.0,8.75,0
950,1860.0,9.3,26.25,0.0,0.0,28.25,0
951,780.0,4.8,14.75,0.0,0.0,14.75,0
952,1080.0,2.5,12.0,0.0,0.0,12.0,0
953,1740.0,17.3,43.75,10.0,0.0,81.25,1
954,540.0,0.1,8.5,0.0,0.0,8.5,0
955,3060.0,24.4,64.75,0.0,0.0,103.75,1
956,180.0,0.5,4.5,3.0,0.0,7.5,1
957,180.0,0.5,4.5,1.0,0.0,5.5,1
958,420.0,1.0,6.25,0.0,0.0,7.25,0
959,1740.0,19.2,47.25,11.8,0.0,59.05,1
960,0.0,0.0,29.75,7.44,0.0,37.19,1
961,0.0,0.0,3.25,0.0,0.0,3.25,0
962,0.0,0.0,5.5,1.1,0.0,6.6,1
963,1020.0,4.4,13.75,1.0,0.0,16.75,1
964,180.0,0.0,5.5,0.0,0.0,5.5,0
965,540.0,0.0,8.0,1.22,0.0,9.22,1
966,300.0,0.0,5.5,0.0,0.0,5.5,0
967,780.0,2.4,9.75,0.0,0.0,9.75,0
968,600.0,5.0,14.75,2.95,0.0,17.7,1
969,0.0,0.0,3.25,0.0,0.0,3.25,0
970,780.0,2.7,11.0,1.5,0.0,12.5,1
971,360.0,1.5,7.0,0.0,0.0,7.0,0
972,300.0,0.4,5.25,0.0,0.0,5.25,0
973,0.0,0.0,5.75,1.0,0.0,6.75,1
974,480.0,0.0,7.5,0.0,0.0,7.5,0
975,2400.0,17.5,43.25,7.0,0.0,50.25,1
976,960.0,5.3,16.5,3.3,0.0,19.8,1
977,0.0,0.0,10.0,2.0,0.0,12.0,1
978,600.0,3.3,11.0,0.0,0.0,11.0,0
979,0.0,0.0,6.25,1.25,0.0,7.5,1
980,1620.0,17.4,43.75,10.0,0.0,57.75,1
981,720.0,2.1,9.25,0.0,0.0,9.25,0
982,300.0,0.0,6.75,0.0,0.0,6.75,0
983,900.0,0.1,11.5,0.0,0.0,12.5,0
984,420.0,1.0,6.5,0.0,0.0,6.5,0
985,1920.0,0.0,41.5,0.0,0.0,41.5,0
986,720.0,3.3,11.75,0.0,0.0,11.75,0
987,1920.0,16.9,41.75,9.15,0.0,54.9,1
988,540.0,1.5,7.75,2.0,0.0,10.75,1
989,600.0,1.0,7.75,0.0,0.0,7.75,0
990,360.0,0.0,5.5,0.0,0.0,5.5,0
991,480.0,1.7,8.0,2.0,0.0,11.0,1
992,660.0,0.0,11.75,0.0,0.0,11.75,0
993,240.0,0.0,5.75,2.0,0.0,7.75,1
994,240.0,0.5,5.25,0.0,0.0,5.25,0
995,1320.0,16.7,41.5,0.0,0.0,45.5,0
996,300.0,0.74,5.25,0.0,0.0,6.25,0
997,600.0,5.5,15.75,0.0,0.0,15.75,0
998,420.0,1.9,8.25,0.0,0.0,8.25,0
999,720.0,3.6,12.5,0.0,0.0,17.5,0
